{
  "stone_goal": 200.01999999999998,
  "opp_stone_goal": -99.99,
  "river_goal": 150.01,
  "opp_river_goal": -74.55999999999995,
  "manh_dist": -60.69999999999998,
  "opp_manh_dist": 5.610000000000015,
  "near_river": 5.809999999999999,
  "opp_near_river": -2.2100000000000013,
  "move_count": 7.650000000000002,
  "opp_move_count": -7.819999999999999
}