{
  "all_piece_in_goal": 1000.0,
  "stone_goal": 700.0000285714283,
  "opp_stone_goal": -100.00000000029999,
  "river_goal": 500.0,
  "opp_river_goal": -50.0,
  "manh_dist": -60,
  "opp_manh_dist": 5,
  "row_dist": -15.061217577595144,
  "opp_row_dist": 5.225246542892169,
  "col_dist": -14.995999733297772,
  "opp_col_dist": 4.965977170837538,
  "near_river": 15.003335345987281,
  "opp_near_river": -4.787562476540078,
  "move_count": 5.8711461979628785,
  "opp_move_count": 37.321789841136145,
  "goal_side_dist_row_moves": -10.169832768880255,
  "opp_goal_side_dist_row_moves": 14.743831328554236,
  "goal_side_dist_col_moves": -5.236993056361653,
  "opp_goal_side_dist_col_moves": 6.15810761137141
}